sale_id,book_id,sale_date,quantity
1,130,2024-05-04,1
2,421,2023-03-08,4
3,252,2023-03-17,5
4,323,2024-12-03,1
5,78,2023-06-02,5
6,486,2023-11-08,1
7,128,2023-05-02,5
8,392,2024-03-02,5
9,306,2024-09-25,2
10,398,2024-06-19,4
11,231,2024-03-29,3
12,441,2024-08-25,4
13,157,2024-08-05,5
14,31,2024-09-16,1
15,486,2023-08-01,2
16,136,2024-11-07,1
17,81,2023-09-03,2
18,283,2023-03-18,2
19,2,2024-02-23,4
20,353,2024-08-31,4
21,150,2023-02-03,2
22,148,2024-12-24,3
23,360,2024-04-09,1
24,352,2023-08-28,3
25,404,2024-10-02,5
26,339,2023-07-22,4
27,59,2024-07-11,2
28,332,2023-06-02,3
29,424,2023-05-26,1
30,31,2023-06-19,3
31,305,2024-08-05,3
32,225,2023-05-08,4
33,353,2023-11-08,4
34,483,2023-10-06,5
35,277,2024-05-20,4
36,42,2024-09-04,1
37,456,2024-03-18,3
38,310,2023-09-14,1
39,47,2023-08-23,5
40,301,2023-01-22,3
41,296,2023-02-11,2
42,241,2024-06-15,4
43,470,2023-10-12,2
44,300,2024-03-22,4
45,497,2023-04-04,4
46,179,2024-02-23,3
47,165,2024-11-17,1
48,440,2023-06-14,3
49,211,2024-12-11,4
50,148,2024-11-09,4
51,417,2024-07-17,1
52,233,2023-04-01,3
53,130,2023-11-28,1
54,497,2024-02-18,5
55,423,2023-01-02,5
56,237,2024-02-28,1
57,97,2024-06-14,3
58,319,2024-05-25,4
59,390,2023-02-22,2
60,137,2024-07-16,2
61,475,2023-10-22,4
62,451,2024-12-16,4
63,63,2023-01-30,5
64,410,2023-09-03,2
65,160,2024-07-18,1
66,283,2024-02-22,1
67,116,2023-04-27,4
68,485,2023-05-01,2
69,256,2023-10-26,5
70,362,2023-10-07,4
71,428,2024-05-09,4
72,125,2024-04-12,5
73,75,2024-01-28,2
74,472,2024-09-05,5
75,383,2023-05-20,1
76,142,2024-02-29,3
77,479,2024-06-03,3
78,421,2023-01-03,3
79,372,2023-11-02,5
80,297,2024-11-06,4
81,444,2023-06-02,4
82,276,2024-05-10,3
83,171,2024-07-19,5
84,194,2024-04-11,3
85,446,2023-07-13,2
86,293,2024-01-28,2
87,439,2024-02-25,1
88,163,2024-04-29,4
89,198,2024-11-10,2
90,254,2023-02-07,2
91,258,2024-08-27,3
92,446,2023-04-13,4
93,52,2024-06-22,4
94,8,2023-05-28,4
95,446,2024-11-01,2
96,39,2024-04-25,3
97,174,2024-09-30,4
98,333,2023-03-24,3
99,437,2024-11-21,5
100,195,2023-11-21,4
101,447,2024-07-08,1
102,317,2023-03-12,2
103,324,2024-12-01,3
104,117,2023-04-03,4
105,51,2024-10-10,1
106,228,2023-06-20,3
107,463,2023-01-30,1
108,167,2023-02-27,3
109,184,2024-01-19,4
110,75,2023-09-08,5
111,211,2024-08-02,2
112,88,2023-06-29,1
113,313,2024-01-27,5
114,350,2023-09-04,4
115,468,2024-08-20,2
116,119,2024-04-17,3
117,236,2023-09-19,1
118,461,2024-04-21,3
119,347,2024-07-13,2
120,38,2024-03-28,3
121,301,2023-11-03,4
122,354,2023-09-14,4
123,433,2023-11-06,2
124,197,2024-05-09,1
125,122,2024-01-26,5
126,184,2024-08-11,3
127,359,2023-10-30,1
128,425,2024-11-05,4
129,141,2023-01-09,5
130,443,2024-12-03,1
131,467,2024-09-12,4
132,427,2023-10-21,2
133,311,2023-12-27,2
134,326,2023-07-14,5
135,129,2024-11-25,2
136,322,2023-04-10,1
137,159,2024-03-27,1
138,297,2024-01-09,2
139,47,2023-10-30,3
140,383,2024-03-01,2
141,103,2023-05-16,5
142,449,2024-01-10,5
143,257,2023-10-07,2
144,132,2024-05-08,3
145,383,2023-12-13,1
146,240,2023-03-19,2
147,387,2023-08-20,4
148,496,2024-07-24,3
149,47,2024-02-09,1
150,136,2024-07-03,1
151,233,2024-01-13,3
152,300,2024-01-26,3
153,56,2024-11-22,2
154,242,2023-01-26,5
155,453,2024-07-28,3
156,469,2024-09-16,2
157,332,2023-03-06,4
158,466,2024-12-18,3
159,333,2024-02-23,1
160,72,2023-02-16,1
161,156,2024-05-19,1
162,50,2023-08-29,5
163,70,2024-02-02,4
164,190,2024-11-17,5
165,215,2024-08-24,2
166,454,2024-02-29,1
167,427,2024-05-16,5
168,209,2023-10-14,1
169,354,2024-01-15,2
170,228,2024-03-31,2
171,438,2024-01-07,1
172,352,2024-01-12,5
173,462,2024-10-22,3
174,32,2024-02-12,3
175,98,2023-05-06,4
176,47,2024-11-09,2
177,329,2024-10-16,5
178,498,2023-01-22,1
179,403,2023-12-08,2
180,65,2024-08-01,2
181,36,2024-07-21,2
182,301,2023-08-10,2
183,169,2023-06-01,5
184,2,2023-10-11,2
185,67,2024-07-07,3
186,409,2023-06-28,1
187,339,2023-01-27,2
188,8,2024-01-02,2
189,302,2023-11-28,1
190,90,2023-09-29,1
191,65,2024-03-07,5
192,59,2023-03-07,4
193,230,2024-01-06,5
194,304,2023-04-22,4
195,258,2023-08-15,5
196,23,2024-11-05,5
197,155,2024-04-14,1
198,32,2024-05-05,4
199,219,2024-12-03,1
200,252,2024-12-30,4
201,38,2023-03-24,3
202,312,2023-06-01,1
203,65,2023-10-09,5
204,325,2024-08-22,5
205,365,2023-11-29,4
206,306,2024-06-27,3
207,233,2024-06-01,5
208,221,2023-04-12,1
209,437,2024-11-01,5
210,370,2023-08-09,4
211,232,2023-08-22,4
212,174,2024-04-09,4
213,213,2023-04-08,3
214,219,2023-11-17,3
215,192,2023-06-06,4
216,35,2023-04-04,1
217,48,2024-03-18,1
218,382,2024-01-17,2
219,285,2023-03-03,5
220,490,2024-07-29,5
221,169,2024-11-17,1
222,211,2023-12-29,4
223,445,2023-02-22,3
224,308,2023-11-16,3
225,54,2024-08-14,5
226,109,2023-06-08,4
227,115,2023-04-21,3
228,433,2024-07-23,3
229,59,2023-10-13,5
230,116,2024-03-15,5
231,499,2024-09-28,5
232,346,2024-10-20,5
233,14,2024-09-15,3
234,15,2023-07-04,3
235,360,2023-11-13,3
236,180,2023-01-07,2
237,446,2023-05-27,5
238,337,2024-02-15,1
239,73,2024-10-10,1
240,47,2024-06-27,2
241,193,2024-03-05,4
242,175,2023-06-11,3
243,160,2023-11-29,5
244,306,2023-03-28,1
245,80,2023-06-11,5
246,26,2024-11-21,1
247,140,2024-03-29,4
248,249,2024-09-13,4
249,213,2023-10-07,2
250,387,2024-06-08,1
251,177,2024-03-16,1
252,146,2024-11-25,5
253,250,2024-06-23,3
254,24,2023-08-14,4
255,307,2023-02-26,1
256,105,2023-11-05,2
257,393,2023-05-21,3
258,149,2023-12-02,1
259,4,2024-05-24,4
260,90,2023-05-13,4
261,273,2024-12-21,2
262,257,2024-07-26,3
263,37,2024-02-11,1
264,224,2023-01-20,4
265,472,2023-03-21,3
266,295,2024-03-15,5
267,208,2024-12-27,4
268,149,2023-04-28,4
269,11,2023-11-29,2
270,411,2024-09-24,4
271,426,2024-12-07,3
272,46,2024-03-23,1
273,125,2024-03-22,5
274,206,2024-06-20,1
275,203,2023-11-14,3
276,114,2023-12-08,2
277,40,2024-06-06,1
278,272,2024-06-06,2
279,464,2023-12-24,3
280,373,2024-10-22,2
281,121,2023-04-16,2
282,132,2023-07-22,2
283,309,2023-06-06,1
284,91,2024-10-05,4
285,238,2024-07-31,5
286,230,2024-11-28,5
287,330,2024-10-12,5
288,166,2024-10-04,3
289,78,2024-03-26,1
290,241,2024-03-28,3
291,408,2023-10-09,5
292,29,2023-12-27,5
293,38,2023-11-14,4
294,232,2023-02-08,1
295,189,2023-10-21,1
296,331,2023-04-03,5
297,305,2024-06-03,4
298,237,2024-08-17,5
299,489,2023-02-12,4
300,466,2024-08-08,2
301,165,2024-09-11,4
302,257,2023-06-04,1
303,231,2023-04-16,3
304,366,2023-03-28,5
305,331,2023-06-26,1
306,127,2024-12-25,4
307,225,2024-06-20,5
308,313,2023-06-12,3
309,191,2023-10-17,4
310,210,2023-12-13,5
311,27,2024-10-08,3
312,34,2023-12-04,1
313,286,2024-11-25,4
314,146,2023-09-16,5
315,448,2023-06-03,3
316,42,2024-08-19,2
317,470,2023-12-25,3
318,496,2024-11-02,4
319,67,2024-09-01,1
320,159,2024-07-26,4
321,330,2023-12-03,2
322,344,2024-12-20,5
323,48,2024-10-23,4
324,261,2024-01-06,1
325,186,2023-11-13,2
326,487,2023-08-08,3
327,486,2024-05-12,2
328,116,2023-05-21,2
329,40,2023-10-30,1
330,260,2024-07-06,5
331,20,2024-11-08,3
332,449,2024-09-24,2
333,306,2024-01-21,2
334,84,2023-07-05,5
335,415,2023-06-19,4
336,23,2024-02-25,3
337,347,2023-09-01,4
338,313,2023-10-19,4
339,120,2024-06-30,2
340,159,2024-04-25,2
341,189,2024-11-25,5
342,226,2024-04-17,3
343,399,2024-01-27,5
344,271,2024-03-04,2
345,419,2023-07-24,5
346,71,2023-09-14,1
347,329,2024-05-07,3
348,284,2023-04-16,5
349,436,2023-05-08,3
350,43,2023-06-14,3
351,231,2024-06-09,2
352,426,2024-03-23,1
353,485,2023-08-16,4
354,453,2023-12-24,1
355,213,2023-02-24,4
356,258,2024-01-18,2
357,198,2023-03-25,3
358,115,2023-01-29,3
359,477,2023-04-12,3
360,406,2023-05-30,2
361,20,2023-10-21,4
362,357,2023-05-23,4
363,230,2024-09-22,1
364,464,2023-03-23,1
365,132,2023-08-09,2
366,281,2024-09-15,5
367,217,2023-04-24,3
368,122,2023-11-05,1
369,25,2023-09-02,4
370,328,2024-09-29,4
371,33,2023-04-24,4
372,306,2024-07-02,1
373,324,2024-06-11,5
374,124,2023-05-28,3
375,220,2023-01-02,5
376,181,2023-09-04,5
377,214,2023-07-11,1
378,269,2024-01-05,1
379,489,2024-06-22,5
380,260,2024-06-03,5
381,11,2024-02-04,4
382,23,2024-10-12,4
383,192,2023-09-17,1
384,183,2023-03-11,3
385,124,2024-11-03,1
386,396,2024-08-18,3
387,69,2023-02-15,3
388,280,2023-12-13,2
389,426,2024-12-02,4
390,357,2024-05-05,2
391,416,2023-05-19,1
392,367,2024-04-13,1
393,151,2023-07-26,1
394,406,2023-07-24,1
395,162,2023-11-14,5
396,204,2024-07-10,4
397,130,2023-02-07,2
398,147,2024-01-01,1
399,444,2024-11-02,3
400,140,2023-05-08,3
401,224,2024-02-14,4
402,459,2024-01-31,3
403,499,2023-07-11,4
404,355,2024-05-24,3
405,474,2024-06-15,3
406,411,2023-03-26,4
407,41,2024-03-16,5
408,422,2023-07-04,5
409,151,2023-11-25,1
410,41,2023-12-02,3
411,157,2024-04-01,5
412,368,2024-03-12,2
413,354,2024-03-30,3
414,229,2023-02-13,3
415,315,2024-03-21,3
416,328,2023-02-28,1
417,344,2024-10-14,4
418,187,2024-06-09,2
419,488,2023-02-01,2
420,435,2024-09-14,4
421,18,2023-05-10,1
422,121,2024-10-22,3
423,186,2024-01-28,5
424,17,2024-09-11,2
425,348,2024-04-05,3
426,191,2024-03-30,1
427,294,2023-05-21,5
428,188,2024-02-12,3
429,333,2023-10-13,2
430,492,2023-04-27,1
431,377,2023-07-10,4
432,266,2024-02-01,5
433,61,2023-09-26,3
434,361,2024-04-01,2
435,314,2023-10-20,4
436,103,2023-05-06,2
437,437,2023-03-17,4
438,89,2024-12-31,4
439,45,2024-11-29,3
440,342,2023-12-22,1
441,282,2024-07-09,3
442,457,2023-11-04,2
443,365,2024-12-27,2
444,407,2024-01-06,5
445,115,2023-05-05,2
446,406,2023-05-23,2
447,405,2024-05-20,1
448,185,2024-07-21,5
449,189,2024-04-23,5
450,67,2024-09-18,1
451,34,2023-11-13,4
452,368,2024-05-05,5
453,211,2024-02-24,5
454,38,2023-05-09,3
455,329,2023-03-17,4
456,239,2024-11-27,5
457,177,2023-05-12,5
458,328,2024-08-24,2
459,394,2023-05-13,4
460,258,2023-02-26,1
461,266,2023-06-06,3
462,85,2023-06-15,3
463,479,2024-12-27,2
464,178,2024-06-15,3
465,434,2023-03-22,3
466,101,2024-10-12,5
467,141,2023-05-09,3
468,315,2024-06-30,1
469,258,2024-10-18,2
470,304,2024-08-17,2
471,88,2024-11-05,5
472,369,2024-09-11,3
473,432,2024-07-31,1
474,423,2023-01-30,1
475,24,2024-10-18,5
476,136,2024-10-28,2
477,393,2024-08-08,4
478,317,2024-10-16,1
479,255,2024-10-04,5
480,149,2024-10-19,3
481,248,2023-09-08,4
482,153,2024-04-09,1
483,353,2023-03-03,2
484,226,2024-03-01,4
485,238,2023-07-28,3
486,311,2023-05-28,3
487,442,2023-11-23,3
488,500,2024-02-13,2
489,390,2024-01-15,5
490,288,2023-04-19,3
491,124,2024-04-22,1
492,137,2024-04-05,2
493,73,2023-04-10,1
494,149,2024-01-29,5
495,215,2023-09-12,2
496,417,2023-12-02,5
497,370,2023-11-17,2
498,391,2023-06-13,4
499,264,2024-04-23,4
500,451,2023-11-12,4
501,12,2023-04-03,4
502,259,2024-04-13,2
503,111,2024-08-20,3
504,25,2023-02-21,3
505,254,2024-09-03,4
506,147,2024-07-03,1
507,434,2023-04-21,4
508,69,2023-09-28,3
509,392,2024-02-17,3
510,24,2024-02-15,1
511,292,2024-07-29,2
512,186,2024-07-20,3
513,38,2024-01-31,5
514,231,2024-07-17,3
515,423,2024-09-30,5
516,61,2023-05-12,1
517,202,2024-01-18,3
518,286,2024-01-10,2
519,102,2024-09-08,5
520,206,2024-05-27,1
521,24,2023-02-09,2
522,366,2023-12-08,4
523,266,2024-04-12,2
524,311,2024-06-11,2
525,168,2024-09-19,3
526,84,2024-02-07,5
527,379,2023-11-03,5
528,173,2024-06-03,5
529,273,2024-05-16,5
530,154,2024-05-01,1
531,189,2023-12-06,1
532,214,2024-08-20,3
533,408,2024-12-05,1
534,306,2024-04-30,3
535,496,2024-11-02,5
536,296,2023-08-22,1
537,299,2024-05-06,2
538,269,2024-10-06,5
539,397,2024-01-25,2
540,421,2024-11-28,2
541,17,2024-08-09,1
542,98,2023-01-20,4
543,161,2024-03-04,2
544,212,2024-12-08,2
545,211,2024-05-28,5
546,472,2024-04-27,1
547,362,2023-05-22,5
548,107,2024-07-28,3
549,340,2024-05-04,5
550,193,2023-11-18,2
551,236,2024-06-29,3
552,280,2023-12-29,3
553,313,2024-05-10,2
554,491,2023-09-10,3
555,286,2023-11-02,2
556,483,2023-11-01,3
557,361,2023-08-01,4
558,163,2024-05-06,3
559,287,2023-10-08,3
560,63,2024-08-10,5
561,195,2024-02-09,3
562,489,2023-05-30,3
563,22,2023-10-22,1
564,178,2024-03-28,3
565,383,2024-05-05,2
566,104,2024-07-05,3
567,478,2024-07-29,3
568,71,2023-04-22,5
569,380,2024-08-23,2
570,125,2023-02-21,5
571,116,2024-10-15,2
572,27,2023-04-13,4
573,170,2024-04-28,1
574,349,2023-05-21,1
575,494,2024-07-17,2
576,209,2024-10-30,4
577,245,2024-10-28,2
578,388,2023-10-22,3
579,147,2024-10-23,1
580,465,2023-04-02,5
581,119,2024-07-01,1
582,468,2023-06-29,4
583,452,2023-06-30,1
584,429,2024-02-11,4
585,96,2023-10-24,1
586,5,2023-11-02,5
587,309,2023-04-20,3
588,146,2024-04-10,5
589,269,2024-05-20,2
590,436,2024-05-31,4
591,140,2023-07-17,1
592,170,2023-06-16,4
593,332,2023-09-21,2
594,8,2023-12-12,3
595,291,2024-11-21,2
596,90,2024-09-17,4
597,424,2024-03-13,5
598,168,2023-03-30,4
599,343,2023-04-08,2
600,72,2024-05-03,3
601,480,2023-09-12,1
602,134,2024-01-28,2
603,229,2023-10-01,3
604,155,2024-08-19,5
605,6,2023-09-25,3
606,355,2023-08-30,1
607,342,2023-05-02,4
608,158,2023-06-13,4
609,352,2024-05-29,3
610,354,2023-05-01,3
611,189,2024-09-21,2
612,113,2023-05-17,4
613,79,2024-04-10,5
614,192,2024-03-01,5
615,468,2024-04-27,5
616,411,2024-11-11,2
617,391,2023-09-11,5
618,448,2023-03-25,5
619,229,2024-06-24,3
620,40,2024-07-31,1
621,32,2024-07-14,5
622,104,2024-08-09,5
623,77,2023-06-18,3
624,438,2024-06-16,4
625,60,2024-11-27,2
626,368,2024-08-20,4
627,47,2024-06-06,4
628,415,2023-02-26,4
629,68,2024-06-09,4
630,234,2024-07-31,1
631,287,2024-04-18,3
632,371,2023-01-23,4
633,131,2023-01-04,2
634,297,2023-03-16,1
635,217,2023-12-19,1
636,278,2023-03-03,1
637,479,2024-04-28,1
638,147,2024-02-23,2
639,394,2023-05-19,4
640,192,2024-01-27,4
641,446,2024-01-22,4
642,42,2024-11-30,5
643,69,2024-10-31,3
644,61,2023-07-02,5
645,202,2024-06-25,2
646,373,2023-08-17,1
647,388,2023-01-24,3
648,238,2024-11-20,5
649,218,2024-06-28,4
650,422,2023-08-24,2
651,236,2023-12-21,2
652,142,2023-07-13,1
653,17,2024-11-07,4
654,315,2023-01-17,2
655,106,2023-03-10,1
656,305,2023-02-04,4
657,307,2024-11-19,1
658,126,2023-02-15,4
659,225,2023-08-28,5
660,112,2023-02-27,2
661,258,2023-10-24,2
662,418,2024-08-12,3
663,296,2024-09-04,3
664,122,2023-11-06,2
665,339,2024-06-17,2
666,212,2023-11-04,3
667,32,2024-07-24,5
668,451,2023-06-29,4
669,285,2024-05-22,1
670,498,2023-12-19,4
671,403,2024-06-21,3
672,357,2024-03-02,4
673,77,2023-11-04,4
674,95,2024-07-04,4
675,124,2023-08-19,3
676,440,2024-12-25,2
677,413,2024-04-19,1
678,288,2024-02-27,4
679,286,2024-06-26,2
680,199,2023-09-06,3
681,105,2023-12-05,1
682,473,2024-04-05,3
683,48,2024-07-02,2
684,27,2023-10-02,4
685,345,2024-09-11,5
686,21,2023-03-16,2
687,412,2024-08-24,5
688,112,2024-05-05,2
689,446,2023-12-07,3
690,490,2023-01-16,2
691,480,2023-07-14,1
692,383,2024-05-05,2
693,357,2024-09-10,2
694,204,2023-09-03,5
695,165,2023-10-17,4
696,239,2024-06-30,3
697,158,2023-09-25,3
698,263,2024-05-24,4
699,51,2024-04-25,3
700,469,2023-07-28,3
701,161,2024-02-28,1
702,289,2023-08-15,2
703,9,2023-09-25,5
704,479,2024-08-21,5
705,369,2024-03-03,3
706,79,2023-07-20,3
707,118,2024-01-24,5
708,427,2023-09-09,4
709,282,2024-11-01,3
710,132,2024-05-15,4
711,236,2023-06-22,3
712,87,2023-05-24,5
713,251,2023-07-08,5
714,329,2023-03-02,5
715,18,2023-03-18,1
716,392,2023-01-07,4
717,71,2024-10-07,2
718,35,2024-12-25,2
719,5,2023-08-12,5
720,234,2024-01-18,1
721,317,2024-10-15,5
722,468,2024-05-09,4
723,9,2023-01-07,5
724,283,2024-02-26,1
725,9,2024-06-26,3
726,275,2023-10-21,1
727,258,2024-12-15,4
728,413,2023-07-03,1
729,471,2023-04-09,5
730,77,2023-09-04,2
731,318,2024-06-23,3
732,418,2023-12-29,3
733,408,2024-02-11,1
734,192,2024-02-20,4
735,290,2023-09-07,2
736,154,2024-12-01,1
737,335,2024-10-27,1
738,48,2024-02-20,4
739,194,2024-07-19,4
740,29,2024-10-14,1
741,360,2023-06-25,1
742,256,2024-03-20,3
743,290,2023-04-08,5
744,471,2023-02-13,2
745,109,2024-12-09,5
746,244,2023-10-05,1
747,474,2023-03-18,3
748,461,2024-07-10,5
749,337,2023-02-03,2
750,476,2023-11-19,1
751,493,2023-08-01,5
752,74,2024-12-30,4
753,476,2023-03-20,3
754,84,2024-07-31,2
755,291,2024-02-03,5
756,170,2024-01-29,2
757,405,2024-12-06,1
758,257,2023-12-21,1
759,51,2024-03-23,2
760,430,2023-03-19,3
761,310,2024-09-20,5
762,204,2023-12-01,1
763,325,2023-10-07,4
764,252,2023-08-22,3
765,284,2024-01-20,4
766,96,2024-11-27,5
767,339,2024-01-25,1
768,396,2024-09-25,3
769,409,2023-09-10,1
770,43,2023-10-02,2
771,195,2024-12-29,2
772,379,2024-02-03,3
773,185,2023-04-20,1
774,3,2023-11-12,4
775,185,2023-10-04,1
776,68,2023-03-31,2
777,221,2024-04-04,5
778,285,2024-06-08,4
779,53,2023-01-27,1
780,182,2024-07-21,1
781,306,2024-09-04,3
782,443,2024-01-30,1
783,150,2024-02-28,4
784,399,2023-03-28,5
785,464,2023-09-06,5
786,267,2023-06-23,4
787,87,2023-05-23,3
788,155,2023-10-02,4
789,75,2023-03-06,2
790,223,2023-10-10,4
791,154,2024-05-10,1
792,185,2023-09-15,2
793,370,2024-10-02,4
794,305,2024-09-23,2
795,235,2023-04-20,2
796,156,2023-01-07,4
797,171,2024-09-27,4
798,412,2023-12-04,4
799,172,2024-03-16,5
800,70,2023-11-04,3
801,309,2024-12-12,2
802,246,2023-11-18,2
803,494,2024-02-12,3
804,150,2024-12-12,4
805,496,2024-08-12,2
806,167,2024-01-21,3
807,419,2024-02-07,3
808,59,2024-07-31,2
809,304,2024-07-12,2
810,350,2024-07-17,1
811,488,2024-04-17,2
812,225,2023-10-26,1
813,420,2024-02-23,4
814,72,2024-10-10,3
815,124,2023-09-16,2
816,367,2024-03-09,4
817,38,2024-04-04,5
818,246,2024-08-19,4
819,274,2024-06-02,4
820,279,2023-02-07,3
821,360,2024-07-03,5
822,327,2023-03-29,1
823,394,2023-09-12,3
824,86,2024-10-24,5
825,23,2024-07-30,4
826,496,2023-12-06,4
827,55,2023-01-11,1
828,133,2023-08-16,5
829,383,2024-06-15,5
830,298,2024-12-05,5
831,114,2024-04-01,3
832,201,2024-04-19,5
833,354,2024-05-27,2
834,177,2023-01-26,4
835,54,2023-10-30,4
836,472,2023-03-29,1
837,426,2023-05-26,3
838,160,2023-12-18,4
839,402,2023-07-31,5
840,248,2023-12-23,4
841,50,2024-03-24,4
842,164,2023-03-10,3
843,23,2024-12-28,1
844,12,2023-12-18,1
845,347,2023-06-18,2
846,265,2023-06-28,5
847,82,2023-12-05,5
848,219,2024-04-18,2
849,409,2024-02-19,2
850,96,2024-10-17,4
851,203,2023-01-30,5
852,453,2023-07-22,4
853,304,2024-03-15,4
854,3,2024-12-22,2
855,106,2023-10-13,1
856,296,2023-04-15,5
857,96,2024-01-10,3
858,101,2024-04-13,1
859,135,2024-11-17,4
860,271,2024-10-16,3
861,306,2024-02-02,5
862,201,2024-08-24,1
863,179,2023-12-27,4
864,317,2023-06-26,3
865,471,2024-09-21,5
866,44,2024-11-19,2
867,161,2023-05-01,2
868,157,2023-04-30,2
869,192,2024-12-11,2
870,262,2024-02-02,4
871,306,2023-05-22,5
872,197,2024-03-09,2
873,250,2024-10-12,5
874,356,2024-10-22,2
875,285,2023-06-20,4
876,148,2023-05-24,2
877,162,2024-04-06,5
878,28,2024-01-03,1
879,249,2023-05-20,2
880,418,2024-01-29,5
881,259,2024-10-30,4
882,210,2024-12-02,4
883,213,2024-12-28,4
884,251,2023-06-21,1
885,290,2023-02-01,2
886,150,2023-02-03,3
887,116,2024-07-04,3
888,87,2024-04-13,5
889,381,2024-05-22,5
890,262,2023-04-26,5
891,59,2023-10-02,5
892,422,2024-01-11,5
893,422,2023-02-12,4
894,280,2023-08-12,4
895,53,2024-10-31,2
896,153,2023-02-03,4
897,135,2023-12-23,1
898,225,2023-05-01,2
899,108,2024-08-25,3
900,441,2024-12-28,5
901,324,2024-03-14,2
902,316,2023-05-23,2
903,417,2023-07-31,1
904,292,2023-12-26,5
905,144,2024-09-03,5
906,87,2023-11-28,3
907,149,2024-08-09,3
908,488,2024-06-10,1
909,70,2024-02-26,1
910,142,2024-11-02,2
911,360,2023-05-16,2
912,75,2024-12-29,3
913,425,2023-09-11,4
914,251,2023-05-26,5
915,324,2023-10-03,4
916,193,2024-04-07,1
917,325,2023-04-06,4
918,264,2023-10-12,3
919,233,2024-05-14,3
920,298,2023-01-03,1
921,375,2024-04-14,3
922,436,2023-03-06,5
923,204,2023-08-12,4
924,423,2023-08-05,4
925,138,2023-11-27,3
926,173,2024-07-14,5
927,67,2024-08-02,4
928,404,2023-12-18,1
929,24,2023-04-12,4
930,9,2023-05-08,2
931,226,2024-04-12,1
932,491,2024-03-14,2
933,353,2023-05-16,3
934,82,2023-10-08,1
935,336,2024-01-05,3
936,43,2024-01-16,2
937,27,2024-02-10,3
938,372,2024-12-17,2
939,220,2024-11-02,1
940,361,2023-04-08,1
941,110,2024-05-03,1
942,68,2024-08-30,2
943,266,2024-11-27,4
944,5,2023-01-09,3
945,419,2023-05-04,4
946,356,2023-05-16,4
947,37,2023-08-23,4
948,46,2023-04-15,1
949,161,2024-01-12,3
950,71,2024-01-27,2
951,329,2024-11-24,2
952,36,2024-06-27,5
953,5,2024-09-16,2
954,226,2023-12-26,2
955,322,2023-06-05,4
956,316,2024-12-04,4
957,441,2023-08-11,1
958,460,2023-04-13,2
959,386,2023-05-07,5
960,374,2024-01-29,3
961,494,2024-03-15,3
962,406,2023-05-24,2
963,142,2024-10-22,1
964,128,2024-07-20,5
965,308,2024-09-14,3
966,399,2024-12-08,1
967,435,2024-11-05,3
968,106,2024-06-14,5
969,261,2023-07-13,4
970,152,2024-10-23,1
971,402,2023-09-03,4
972,198,2023-04-26,2
973,256,2024-10-15,5
974,37,2024-06-24,1
975,185,2023-11-21,2
976,199,2024-08-05,4
977,188,2024-07-13,2
978,391,2024-04-27,1
979,9,2024-08-24,1
980,8,2023-09-26,2
981,21,2023-03-03,4
982,260,2023-10-21,5
983,393,2024-03-01,4
984,360,2024-02-16,1
985,328,2024-07-03,5
986,316,2023-06-06,3
987,43,2023-11-14,1
988,262,2023-07-28,2
989,275,2023-12-01,4
990,301,2024-10-11,1
991,159,2024-12-16,4
992,374,2023-09-02,1
993,126,2023-03-30,4
994,60,2024-04-09,5
995,312,2023-02-26,3
996,342,2024-11-04,2
997,62,2023-01-13,2
998,360,2023-01-12,2
999,255,2023-12-22,5
1000,265,2023-09-23,2
1001,191,2023-05-10,3
1002,376,2023-05-01,1
1003,172,2024-03-15,3
1004,269,2023-03-07,3
1005,365,2024-08-13,1
1006,255,2024-04-11,5
1007,185,2023-02-26,4
1008,440,2024-08-03,2
1009,189,2023-06-11,3
1010,396,2023-04-16,5
1011,346,2023-04-29,2
1012,380,2024-06-05,1
1013,23,2023-01-13,2
1014,24,2024-04-28,3
1015,197,2023-06-03,2
1016,477,2023-02-06,5
1017,412,2024-11-02,4
1018,115,2023-11-26,2
1019,214,2023-11-24,3
1020,423,2023-03-21,5
1021,191,2023-05-03,5
1022,345,2023-02-23,2
1023,115,2024-06-12,1
1024,489,2024-02-15,1
1025,450,2024-04-21,3
1026,397,2023-11-15,3
1027,45,2024-07-20,4
1028,5,2024-01-13,2
1029,150,2024-07-31,3
1030,379,2024-09-29,2
1031,238,2024-01-13,5
1032,498,2024-05-20,2
1033,376,2024-07-13,2
1034,78,2023-01-07,4
1035,13,2023-08-27,5
1036,178,2024-10-13,1
1037,487,2023-12-10,1
1038,389,2024-11-04,4
1039,435,2023-11-11,1
1040,106,2024-06-26,2
1041,215,2024-05-18,1
1042,498,2023-05-26,3
1043,48,2023-02-14,2
1044,460,2024-06-16,4
1045,359,2024-01-17,4
1046,499,2023-03-28,5
1047,49,2024-06-01,2
1048,327,2024-02-08,1
1049,304,2024-08-04,1
1050,223,2024-11-09,2
1051,122,2023-10-26,3
1052,436,2023-11-19,4
1053,359,2023-12-01,3
1054,232,2023-10-06,2
1055,39,2023-07-27,2
1056,400,2024-08-21,1
1057,80,2023-04-19,2
1058,231,2024-04-22,3
1059,209,2023-05-04,5
1060,184,2023-08-01,4
1061,158,2024-04-19,3
1062,437,2023-05-03,1
1063,81,2024-12-03,3
1064,424,2024-12-22,5
1065,21,2023-08-09,3
1066,76,2023-04-04,2
1067,496,2023-12-31,4
1068,263,2023-02-20,3
1069,134,2023-06-28,1
1070,488,2024-02-19,4
1071,285,2024-07-17,2
1072,49,2024-04-18,1
1073,412,2023-05-24,1
1074,7,2023-03-05,2
1075,67,2023-07-22,4
1076,191,2024-12-03,1
1077,299,2024-08-23,3
1078,470,2023-03-18,1
1079,34,2023-07-22,4
1080,415,2023-05-12,1
1081,464,2023-12-06,1
1082,22,2024-04-17,1
1083,87,2024-08-10,4
1084,421,2024-02-09,4
1085,16,2024-01-27,4
1086,89,2023-12-29,2
1087,466,2023-07-11,3
1088,144,2024-04-01,2
1089,18,2024-09-20,5
1090,316,2023-09-09,3
1091,256,2024-02-26,5
1092,246,2023-03-04,1
1093,144,2024-01-28,2
1094,215,2023-07-24,5
1095,128,2024-10-07,5
1096,407,2023-01-20,4
1097,401,2024-12-31,3
1098,246,2024-07-11,4
1099,177,2024-08-02,5
1100,165,2024-02-02,3
1101,93,2023-01-27,3
1102,306,2023-08-13,1
1103,459,2023-10-15,1
1104,415,2024-04-28,5
1105,184,2024-08-21,2
1106,499,2023-06-13,1
1107,127,2024-11-03,2
1108,137,2024-06-30,1
1109,392,2023-08-13,5
1110,434,2024-02-02,3
1111,479,2023-06-27,2
1112,122,2024-08-29,3
1113,413,2024-12-15,3
1114,468,2024-08-28,1
1115,361,2024-12-18,3
1116,486,2024-08-04,5
1117,73,2024-07-30,2
1118,429,2024-05-19,5
1119,159,2023-06-29,4
1120,20,2023-04-03,1
1121,120,2024-09-08,2
1122,11,2024-06-23,4
1123,1,2023-12-06,5
1124,104,2023-05-14,3
1125,368,2023-07-01,3
1126,31,2023-01-23,2
1127,301,2024-12-22,2
1128,397,2023-04-24,5
1129,441,2024-01-09,1
1130,192,2024-12-22,4
1131,301,2023-04-14,3
1132,155,2023-11-27,2
1133,500,2023-06-11,4
1134,406,2024-10-16,4
1135,333,2023-11-21,2
1136,363,2024-07-29,5
1137,403,2024-01-01,2
1138,341,2024-08-26,2
1139,194,2023-11-11,3
1140,66,2023-07-01,1
1141,486,2024-12-19,5
1142,201,2024-08-04,1
1143,94,2024-09-08,3
1144,472,2024-09-18,2
1145,328,2024-08-02,1
1146,480,2024-05-23,2
1147,170,2023-03-21,2
1148,178,2023-11-24,2
1149,326,2023-04-01,3
1150,229,2023-01-12,3
1151,108,2023-09-13,1
1152,180,2023-09-20,1
1153,369,2023-01-02,1
1154,198,2024-03-24,4
1155,497,2023-06-20,4
1156,253,2024-01-23,3
1157,280,2024-01-20,1
1158,425,2024-05-05,5
1159,334,2024-12-04,2
1160,84,2024-04-07,1
1161,410,2023-02-04,3
1162,11,2023-11-23,3
1163,488,2023-04-18,1
1164,176,2023-06-24,4
1165,83,2023-03-18,5
1166,483,2023-04-06,3
1167,305,2024-09-20,4
1168,361,2023-02-01,4
1169,483,2024-10-31,2
1170,311,2024-03-20,2
1171,28,2023-04-14,3
1172,106,2023-07-14,4
1173,357,2024-07-21,5
1174,136,2024-11-07,3
1175,153,2023-09-01,1
1176,26,2024-02-07,5
1177,282,2024-05-17,2
1178,28,2024-01-05,1
1179,219,2023-03-31,3
1180,422,2024-11-08,5
1181,246,2023-07-24,1
1182,14,2023-07-31,2
1183,327,2023-10-26,1
1184,243,2023-04-29,3
1185,402,2024-02-12,4
1186,251,2024-11-07,3
1187,47,2024-10-19,5
1188,199,2023-07-09,3
1189,454,2024-01-26,3
1190,96,2024-04-01,1
1191,135,2024-03-26,4
1192,135,2023-08-20,3
1193,289,2023-03-05,2
1194,386,2024-12-14,1
1195,44,2024-11-15,3
1196,414,2024-07-08,4
1197,498,2024-08-26,2
1198,284,2023-03-04,4
1199,420,2024-06-19,4
1200,495,2024-07-02,4
1201,294,2023-08-30,4
1202,154,2023-03-22,4
1203,463,2023-02-05,5
1204,293,2024-06-13,5
1205,347,2024-09-27,2
1206,62,2024-04-04,2
1207,486,2023-06-21,2
1208,414,2023-07-17,2
1209,22,2024-03-09,1
1210,350,2024-03-21,2
1211,422,2024-10-04,2
1212,428,2024-09-01,3
1213,164,2023-03-10,1
1214,199,2024-07-23,4
1215,283,2023-11-30,3
1216,267,2024-04-14,1
1217,403,2024-12-18,5
1218,301,2024-06-19,4
1219,58,2024-02-29,2
1220,76,2024-08-03,5
1221,299,2023-04-13,1
1222,289,2023-04-14,3
1223,445,2024-07-02,3
1224,450,2024-02-25,3
1225,197,2024-11-01,4
1226,293,2024-09-15,4
1227,20,2023-06-26,3
1228,207,2023-05-28,5
1229,312,2024-11-28,4
1230,20,2024-02-10,3
1231,354,2023-09-01,1
1232,382,2024-05-01,3
1233,460,2024-01-17,1
1234,173,2023-11-07,3
1235,144,2024-05-18,1
1236,498,2023-08-22,2
1237,154,2024-03-29,3
1238,138,2024-03-02,5
1239,331,2023-04-02,2
1240,227,2023-08-05,4
1241,380,2024-05-11,5
1242,445,2024-01-18,1
1243,264,2023-06-12,1
1244,160,2024-12-27,5
1245,207,2023-05-19,5
1246,451,2024-08-05,1
1247,89,2023-07-17,2
1248,429,2023-03-01,2
1249,17,2024-04-12,1
1250,471,2024-01-05,2
1251,141,2024-01-13,4
1252,259,2024-02-11,1
1253,349,2023-02-01,2
1254,191,2024-05-15,5
1255,229,2023-07-01,4
1256,301,2024-07-18,3
1257,177,2023-06-17,3
1258,384,2024-12-06,1
1259,146,2023-01-29,4
1260,26,2023-06-16,5
1261,400,2023-08-08,2
1262,332,2023-08-19,2
1263,138,2024-10-29,4
1264,263,2023-01-21,1
1265,243,2023-05-16,2
1266,308,2023-01-09,2
1267,130,2024-09-14,3
1268,365,2024-12-27,3
1269,217,2024-01-21,3
1270,236,2023-09-16,2
1271,239,2023-11-06,5
1272,423,2024-09-30,4
1273,300,2023-04-15,1
1274,262,2024-11-09,3
1275,288,2024-10-24,5
1276,312,2023-10-17,3
1277,351,2023-04-21,4
1278,33,2023-12-11,3
1279,328,2023-11-29,3
1280,134,2024-11-02,3
1281,97,2023-06-03,5
1282,392,2023-09-04,1
1283,413,2024-09-06,4
1284,339,2023-11-24,2
1285,370,2023-01-27,4
1286,152,2023-09-23,4
1287,208,2024-02-02,1
1288,299,2024-12-26,5
1289,418,2023-07-14,3
1290,372,2024-12-31,2
1291,352,2024-07-01,4
1292,465,2024-11-18,3
1293,260,2023-11-04,2
1294,431,2024-11-04,5
1295,93,2023-10-28,1
1296,242,2023-05-12,3
1297,372,2024-07-26,2
1298,485,2024-11-27,3
1299,336,2023-04-02,2
1300,182,2023-08-17,3
1301,216,2023-12-06,3
1302,134,2024-08-22,3
1303,238,2023-05-01,4
1304,28,2024-10-11,5
1305,298,2024-09-27,1
1306,242,2023-07-19,5
1307,62,2024-11-28,4
1308,272,2023-11-02,4
1309,28,2023-06-04,2
1310,103,2023-12-17,4
1311,292,2024-04-13,2
1312,162,2023-07-04,1
1313,250,2023-12-07,2
1314,161,2024-10-11,1
1315,3,2024-04-07,3
1316,108,2023-06-22,5
1317,392,2023-06-12,4
1318,403,2023-04-01,2
1319,315,2024-03-20,4
1320,207,2024-03-15,4
1321,197,2023-01-05,1
1322,274,2023-07-24,3
1323,487,2023-01-15,3
1324,388,2024-06-27,2
1325,10,2024-11-23,1
1326,321,2023-09-12,2
1327,356,2023-12-19,3
1328,67,2023-04-16,4
1329,258,2024-08-25,3
1330,86,2023-03-08,1
1331,153,2023-10-25,4
1332,373,2024-06-16,5
1333,269,2023-12-12,4
1334,455,2024-12-04,2
1335,176,2024-05-16,3
1336,385,2023-07-12,2
1337,486,2024-02-18,1
1338,117,2023-08-18,2
1339,109,2023-01-23,5
1340,259,2023-06-23,1
1341,188,2024-12-29,1
1342,193,2024-10-17,3
1343,395,2024-07-01,5
1344,25,2024-08-31,1
1345,339,2023-04-21,1
1346,25,2024-12-07,1
1347,214,2024-03-30,4
1348,64,2024-07-14,3
1349,243,2024-12-19,2
1350,106,2024-12-12,1
1351,155,2024-03-06,1
1352,340,2024-06-16,3
1353,319,2024-09-12,2
1354,215,2023-04-18,5
1355,369,2024-09-24,1
1356,145,2023-04-27,1
1357,255,2023-07-23,5
1358,103,2023-09-27,5
1359,499,2023-07-26,3
1360,361,2024-02-24,3
1361,83,2023-02-10,5
1362,255,2023-08-01,4
1363,170,2023-08-29,1
1364,7,2024-11-18,1
1365,465,2023-04-24,5
1366,343,2024-05-20,2
1367,487,2023-04-03,5
1368,39,2023-04-14,3
1369,330,2023-08-25,4
1370,152,2023-09-28,4
1371,26,2023-04-13,2
1372,448,2023-02-10,3
1373,185,2024-11-24,3
1374,219,2023-04-29,1
1375,436,2023-02-16,1
1376,437,2023-05-22,2
1377,169,2024-01-02,4
1378,490,2024-09-28,3
1379,450,2023-04-06,3
1380,418,2023-12-17,2
1381,59,2024-02-15,4
1382,493,2024-04-12,3
1383,428,2024-01-30,4
1384,410,2024-03-07,2
1385,58,2023-05-16,1
1386,483,2023-06-13,1
1387,214,2024-08-27,4
1388,411,2024-08-05,4
1389,93,2024-09-17,4
1390,399,2024-01-03,5
1391,15,2024-12-01,2
1392,248,2024-05-14,1
1393,455,2024-02-26,4
1394,24,2023-03-06,3
1395,336,2023-11-18,1
1396,361,2024-11-25,5
1397,393,2024-08-13,5
1398,115,2024-11-16,3
1399,266,2024-06-19,5
1400,49,2024-03-19,2
1401,247,2023-12-21,4
1402,77,2024-07-25,5
1403,28,2023-01-12,2
1404,259,2024-04-25,4
1405,446,2023-06-19,1
1406,385,2024-05-18,3
1407,124,2023-12-05,3
1408,26,2024-06-03,2
1409,282,2024-10-20,4
1410,207,2023-08-29,1
1411,236,2024-03-30,5
1412,230,2023-04-01,4
1413,229,2023-11-20,1
1414,255,2024-10-31,1
1415,53,2024-02-18,4
1416,19,2024-07-24,5
1417,1,2023-04-04,5
1418,494,2024-09-25,3
1419,456,2024-06-04,5
1420,106,2024-11-01,4
1421,487,2023-12-16,3
1422,423,2023-02-25,2
1423,433,2024-04-10,3
1424,287,2024-09-26,5
1425,243,2024-11-03,3
1426,367,2024-04-08,1
1427,50,2024-11-05,2
1428,2,2023-12-16,3
1429,425,2024-10-10,3
1430,281,2024-06-18,3
1431,360,2023-04-19,1
1432,460,2023-06-18,4
1433,72,2024-02-24,1
1434,131,2024-09-17,2
1435,97,2023-05-04,4
1436,111,2024-04-13,2
1437,367,2023-12-13,1
1438,388,2024-02-29,1
1439,475,2024-10-10,5
1440,64,2024-04-06,4
1441,338,2024-08-26,5
1442,69,2024-05-25,1
1443,272,2023-02-19,5
1444,479,2024-03-19,5
1445,248,2024-06-04,2
1446,355,2024-08-15,2
1447,375,2023-05-12,1
1448,199,2024-11-04,5
1449,311,2023-11-26,5
1450,452,2024-01-29,4
1451,312,2024-12-10,2
1452,141,2024-02-12,3
1453,497,2023-10-29,4
1454,413,2023-05-17,2
1455,212,2024-09-08,5
1456,154,2024-12-19,5
1457,441,2023-11-18,5
1458,324,2023-08-11,2
1459,108,2024-10-01,3
1460,352,2023-12-20,2
1461,364,2024-10-27,2
1462,258,2024-07-09,3
1463,364,2023-04-29,3
1464,288,2024-05-06,5
1465,293,2024-11-14,4
1466,346,2024-06-30,3
1467,450,2024-03-08,1
1468,268,2023-04-20,1
1469,196,2023-05-29,1
1470,344,2023-02-27,2
1471,137,2023-06-14,3
1472,350,2023-09-14,2
1473,430,2023-03-05,3
1474,105,2024-07-08,1
1475,184,2024-04-08,1
1476,316,2024-11-22,5
1477,443,2023-08-18,5
1478,200,2023-09-01,5
1479,402,2024-12-13,3
1480,355,2024-11-11,1
1481,475,2024-01-26,4
1482,214,2024-12-02,3
1483,495,2024-07-19,1
1484,7,2023-09-15,2
1485,318,2024-03-29,2
1486,467,2024-10-10,3
1487,387,2024-08-25,5
1488,379,2024-09-09,2
1489,398,2023-07-18,3
1490,230,2023-07-01,1
1491,96,2023-06-27,5
1492,62,2024-01-22,1
1493,220,2023-10-13,5
1494,136,2023-05-14,2
1495,300,2023-09-19,1
1496,170,2024-04-22,2
1497,21,2023-06-07,3
1498,306,2023-02-22,5
1499,432,2024-11-08,3
1500,252,2024-08-09,5
1501,184,2023-03-16,3
1502,270,2023-08-14,2
1503,267,2023-03-11,5
1504,82,2024-03-01,5
1505,275,2024-02-18,1
1506,179,2023-08-15,2
1507,340,2023-12-06,3
1508,185,2023-10-28,2
1509,487,2024-09-25,5
1510,244,2024-07-28,1
1511,59,2024-11-15,3
1512,229,2023-09-04,5
1513,471,2024-09-28,2
1514,491,2023-02-10,3
1515,196,2023-04-27,4
1516,132,2024-07-07,3
1517,13,2024-06-13,3
1518,264,2024-06-04,4
1519,250,2023-02-14,3
1520,460,2024-10-29,2
1521,165,2024-06-10,1
1522,486,2023-04-09,2
1523,498,2024-07-04,5
1524,4,2024-10-03,1
1525,108,2024-11-17,2
1526,443,2024-12-02,4
1527,428,2023-04-17,2
1528,276,2024-12-20,4
1529,332,2023-03-15,2
1530,13,2024-04-15,3
1531,20,2023-03-31,1
1532,28,2023-07-02,3
1533,286,2023-03-14,5
1534,421,2023-08-22,3
1535,209,2024-02-02,4
1536,323,2024-02-19,4
1537,162,2023-01-18,4
1538,345,2023-05-02,5
1539,4,2024-10-18,5
1540,33,2024-08-22,1
1541,359,2023-03-16,3
1542,476,2024-05-29,1
1543,149,2024-12-03,3
1544,311,2023-03-30,3
1545,392,2024-03-24,4
1546,203,2024-11-07,1
1547,243,2023-06-10,5
1548,113,2023-05-20,4
1549,408,2024-07-12,3
1550,492,2024-10-11,2
1551,153,2024-11-24,3
1552,491,2023-01-12,5
1553,448,2024-07-22,2
1554,64,2023-02-12,1
1555,294,2024-09-02,4
1556,276,2024-07-14,1
1557,157,2023-08-04,3
1558,109,2024-02-27,5
1559,73,2023-06-14,2
1560,114,2024-09-23,3
1561,100,2023-04-28,2
1562,344,2024-08-03,1
1563,436,2024-07-16,4
1564,331,2024-07-16,1
1565,149,2024-11-18,1
1566,129,2023-04-11,2
1567,372,2024-08-17,4
1568,488,2023-12-05,3
1569,66,2024-11-18,2
1570,52,2023-10-19,5
1571,36,2023-07-18,3
1572,249,2024-04-06,3
1573,316,2024-11-06,3
1574,356,2024-08-21,2
1575,290,2024-08-03,3
1576,414,2023-11-20,4
1577,87,2023-01-05,3
1578,127,2023-08-15,4
1579,142,2024-01-04,2
1580,348,2023-12-06,4
1581,237,2024-04-01,3
1582,397,2023-11-09,4
1583,283,2023-04-22,2
1584,331,2024-09-13,1
1585,431,2023-10-15,2
1586,457,2024-07-05,2
1587,135,2024-10-03,1
1588,373,2023-03-19,1
1589,435,2024-06-03,1
1590,417,2024-08-18,5
1591,208,2024-08-27,2
1592,465,2023-02-07,5
1593,134,2024-07-10,5
1594,242,2024-10-31,2
1595,188,2024-02-06,2
1596,457,2024-08-26,3
1597,69,2024-04-20,5
1598,262,2023-04-03,4
1599,187,2024-05-29,1
1600,340,2023-09-02,5
1601,351,2023-06-19,5
1602,72,2024-04-01,2
1603,92,2024-08-02,5
1604,338,2023-05-30,4
1605,481,2024-01-03,1
1606,113,2024-05-14,2
1607,33,2023-09-28,3
1608,120,2023-02-13,2
1609,266,2024-01-05,4
1610,241,2024-04-10,1
1611,21,2024-10-26,3
1612,53,2024-12-21,5
1613,325,2023-10-08,3
1614,297,2024-07-11,5
1615,90,2024-01-21,4
1616,188,2024-08-24,1
1617,265,2023-09-15,4
1618,499,2023-08-17,5
1619,208,2023-12-28,3
1620,250,2024-05-08,5
1621,4,2024-05-28,2
1622,226,2023-06-19,2
1623,40,2024-06-10,3
1624,109,2023-06-03,2
1625,81,2024-01-06,5
1626,368,2023-05-02,2
1627,213,2023-12-05,1
1628,247,2024-11-22,4
1629,246,2023-08-04,5
1630,83,2024-10-24,4
1631,12,2023-09-07,1
1632,66,2024-08-10,5
1633,83,2023-05-18,5
1634,21,2024-08-09,2
1635,29,2023-06-20,3
1636,473,2023-07-04,5
1637,491,2024-02-20,5
1638,497,2024-07-31,1
1639,450,2024-11-08,3
1640,485,2023-03-29,2
1641,230,2024-09-13,4
1642,445,2024-05-08,2
1643,113,2024-02-25,5
1644,74,2024-08-19,2
1645,320,2024-11-06,5
1646,136,2023-06-21,3
1647,473,2024-04-09,5
1648,303,2023-03-12,2
1649,194,2024-01-30,2
1650,56,2023-01-17,2
1651,268,2024-05-31,4
1652,424,2023-06-03,5
1653,50,2023-07-01,4
1654,462,2024-09-21,5
1655,20,2024-06-28,5
1656,386,2023-05-01,1
1657,247,2024-11-06,2
1658,462,2024-09-09,5
1659,424,2023-01-02,4
1660,268,2024-03-06,3
1661,448,2023-02-14,5
1662,220,2023-08-23,4
1663,405,2024-01-26,3
1664,302,2024-12-14,5
1665,51,2024-03-11,2
1666,131,2024-05-03,2
1667,466,2023-03-27,3
1668,307,2024-07-10,4
1669,132,2023-07-13,1
1670,364,2023-01-08,5
1671,268,2023-05-01,5
1672,4,2024-01-20,2
1673,353,2023-11-20,4
1674,186,2023-04-20,2
1675,219,2024-10-29,5
1676,130,2023-09-25,5
1677,217,2024-08-01,3
1678,314,2023-10-10,4
1679,387,2023-07-28,4
1680,283,2024-07-24,4
1681,92,2024-01-15,5
1682,285,2024-05-10,3
1683,158,2024-08-14,3
1684,397,2024-12-23,4
1685,377,2023-05-22,1
1686,383,2023-08-24,4
1687,401,2024-12-17,2
1688,52,2023-08-08,5
1689,206,2023-12-13,5
1690,315,2024-12-14,1
1691,83,2024-02-03,1
1692,412,2023-04-04,2
1693,242,2024-09-06,4
1694,46,2023-03-07,3
1695,114,2024-01-15,1
1696,312,2023-02-08,4
1697,477,2024-02-15,5
1698,336,2024-06-17,3
1699,365,2024-09-03,1
1700,485,2023-06-29,4
1701,225,2023-01-11,2
1702,436,2024-11-03,5
1703,147,2023-07-19,1
1704,402,2024-09-05,5
1705,265,2024-12-16,2
1706,315,2023-06-23,1
1707,185,2023-09-02,1
1708,500,2023-06-11,1
1709,142,2024-02-14,3
1710,343,2024-02-09,4
1711,301,2023-07-25,5
1712,8,2024-12-21,1
1713,471,2023-04-03,5
1714,146,2024-07-26,5
1715,179,2023-12-22,3
1716,116,2024-09-12,2
1717,233,2024-02-18,5
1718,3,2023-09-25,2
1719,209,2024-06-02,1
1720,287,2023-03-16,5
1721,151,2023-12-15,1
1722,412,2024-06-09,3
1723,449,2024-07-04,5
1724,129,2024-12-11,4
1725,495,2024-01-22,5
1726,248,2023-09-07,3
1727,493,2024-04-14,4
1728,460,2024-08-23,1
1729,247,2023-04-30,3
1730,35,2024-01-27,2
1731,347,2024-12-19,2
1732,410,2023-11-20,4
1733,490,2023-12-28,5
1734,275,2023-01-10,3
1735,128,2023-10-22,1
1736,205,2024-11-20,3
1737,39,2024-07-21,2
1738,244,2023-11-18,3
1739,112,2024-08-10,3
1740,94,2024-11-30,2
1741,256,2023-07-24,2
1742,377,2023-09-05,3
1743,106,2023-08-23,2
1744,428,2023-09-13,5
1745,183,2023-06-09,1
1746,62,2023-03-22,4
1747,315,2023-01-07,5
1748,491,2023-02-13,4
1749,191,2024-09-27,3
1750,253,2024-08-11,3
1751,252,2023-07-07,5
1752,144,2024-02-12,2
1753,385,2024-08-13,2
1754,28,2024-06-22,4
1755,245,2024-07-07,1
1756,258,2023-12-22,4
1757,441,2024-12-03,2
1758,235,2023-05-04,5
1759,236,2023-11-20,1
1760,7,2024-11-21,2
1761,195,2024-08-17,1
1762,167,2024-01-06,5
1763,442,2023-09-23,2
1764,281,2023-09-27,2
1765,138,2024-04-27,5
1766,176,2024-01-10,2
1767,256,2024-03-10,2
1768,215,2024-12-18,3
1769,187,2024-02-15,3
1770,231,2023-07-04,5
1771,68,2024-08-12,2
1772,417,2023-04-13,3
1773,412,2023-08-30,5
1774,222,2024-01-26,2
1775,75,2023-06-03,4
1776,413,2023-01-10,2
1777,216,2024-05-26,2
1778,458,2024-10-07,5
1779,274,2023-11-20,4
1780,154,2023-09-14,5
1781,440,2024-08-04,1
1782,204,2023-04-12,2
1783,31,2023-08-09,3
1784,244,2024-10-06,1
1785,231,2023-12-09,3
1786,185,2024-01-04,5
1787,286,2023-09-21,3
1788,11,2024-02-26,1
1789,180,2024-11-26,5
1790,102,2024-08-13,5
1791,333,2024-10-26,5
1792,90,2023-10-19,3
1793,167,2024-11-20,5
1794,250,2024-04-02,1
1795,196,2024-09-20,3
1796,238,2024-10-08,2
1797,445,2023-06-21,3
1798,216,2024-10-08,5
1799,293,2024-02-19,1
1800,41,2023-06-15,3
1801,117,2023-11-18,3
1802,335,2023-10-26,3
1803,310,2024-10-22,4
1804,139,2024-03-31,3
1805,383,2024-08-24,5
1806,495,2024-04-06,4
1807,86,2023-07-08,1
1808,65,2023-08-29,3
1809,482,2024-12-18,1
1810,108,2023-06-20,4
1811,53,2023-04-08,1
1812,480,2024-04-29,5
1813,28,2023-01-27,4
1814,269,2023-03-27,1
1815,135,2024-09-24,2
1816,44,2024-11-01,4
1817,159,2023-08-23,2
1818,378,2023-10-18,4
1819,321,2023-05-10,2
1820,270,2023-06-24,1
1821,18,2024-11-10,3
1822,441,2023-11-30,4
1823,240,2024-07-07,3
1824,281,2024-03-31,2
1825,497,2024-12-15,5
1826,91,2024-08-28,5
1827,234,2024-10-08,5
1828,223,2024-06-20,5
1829,159,2023-12-22,4
1830,277,2023-08-21,1
1831,227,2023-11-12,3
1832,212,2023-09-24,2
1833,156,2023-01-11,1
1834,268,2023-05-20,3
1835,147,2024-04-25,5
1836,5,2024-12-05,4
1837,485,2024-05-03,3
1838,5,2024-03-16,3
1839,306,2023-08-25,1
1840,281,2024-01-18,2
1841,211,2024-07-28,4
1842,203,2023-09-13,2
1843,367,2024-10-23,4
1844,425,2024-01-23,2
1845,135,2023-03-23,4
1846,321,2023-09-03,5
1847,392,2024-09-19,3
1848,146,2024-10-26,5
1849,415,2023-10-03,4
1850,97,2023-03-12,2
1851,70,2023-10-24,1
1852,327,2024-04-11,5
1853,232,2023-10-06,5
1854,252,2023-07-12,3
1855,10,2023-06-05,1
1856,497,2024-07-01,1
1857,96,2023-04-15,3
1858,138,2023-05-09,4
1859,373,2023-01-09,2
1860,47,2023-06-04,1
1861,253,2023-08-11,3
1862,216,2023-11-16,4
1863,191,2024-04-19,1
1864,170,2023-03-24,2
1865,29,2023-09-30,4
1866,37,2024-07-10,4
1867,93,2023-07-16,3
1868,419,2024-01-26,1
1869,63,2023-09-12,4
1870,395,2024-03-29,2
1871,378,2023-02-04,2
1872,236,2023-04-07,5
1873,341,2023-08-02,4
1874,200,2024-11-28,3
1875,480,2023-11-27,2
1876,323,2023-02-13,5
1877,267,2023-05-06,3
1878,247,2024-10-15,3
1879,102,2024-01-05,1
1880,443,2024-11-13,2
1881,499,2023-04-26,2
1882,325,2024-03-20,3
1883,8,2023-06-21,3
1884,300,2023-05-03,4
1885,405,2023-09-06,1
1886,497,2023-02-13,5
1887,402,2024-12-08,4
1888,353,2024-09-02,2
1889,191,2023-04-02,2
1890,81,2024-05-26,1
1891,352,2024-09-25,3
1892,477,2024-10-02,1
1893,31,2023-12-31,2
1894,360,2024-07-03,1
1895,65,2024-05-14,2
1896,163,2024-07-25,3
1897,413,2024-03-25,2
1898,11,2024-12-06,4
1899,184,2023-05-18,3
1900,461,2023-02-10,4
1901,362,2024-03-24,5
1902,151,2024-07-09,4
1903,98,2024-08-03,2
1904,279,2023-12-23,3
1905,375,2024-04-24,3
1906,445,2024-09-05,5
1907,83,2023-03-12,5
1908,80,2024-04-05,3
1909,420,2023-09-27,5
1910,188,2024-04-09,1
1911,398,2024-10-15,5
1912,195,2023-07-09,1
1913,318,2024-01-08,5
1914,123,2023-11-25,1
1915,338,2024-07-05,4
1916,98,2024-06-20,4
1917,393,2024-07-18,2
1918,314,2023-10-17,3
1919,210,2024-10-18,3
1920,57,2023-04-09,5
1921,338,2023-03-10,1
1922,428,2023-05-13,2
1923,448,2023-02-02,2
1924,55,2024-05-12,2
1925,51,2023-02-02,5
1926,329,2024-02-02,4
1927,270,2024-09-30,5
1928,132,2023-02-20,3
1929,114,2024-09-12,1
1930,7,2023-08-02,4
1931,476,2023-03-23,4
1932,411,2024-10-16,1
1933,185,2024-07-25,4
1934,421,2024-01-13,1
1935,422,2024-09-23,3
1936,271,2023-02-11,1
1937,428,2023-11-08,1
1938,484,2023-08-10,5
1939,50,2023-04-14,2
1940,273,2024-01-30,2
1941,99,2024-06-22,2
1942,292,2024-10-02,2
1943,286,2024-07-25,4
1944,383,2023-04-19,5
1945,184,2024-11-21,4
1946,360,2024-11-12,4
1947,453,2023-04-17,2
1948,406,2023-07-04,5
1949,206,2024-05-31,3
1950,337,2023-06-11,5
1951,308,2024-03-29,3
1952,463,2023-11-19,5
1953,167,2024-01-16,4
1954,392,2024-10-10,4
1955,423,2023-11-28,5
1956,124,2024-07-30,5
1957,110,2024-01-20,5
1958,475,2023-09-18,3
1959,493,2024-04-08,4
1960,492,2024-02-11,1
1961,372,2023-02-05,3
1962,306,2023-01-17,5
1963,70,2023-11-06,1
1964,154,2023-08-16,2
1965,439,2023-11-19,1
1966,396,2024-12-07,3
1967,471,2024-07-20,5
1968,285,2024-08-07,5
1969,80,2023-04-07,1
1970,236,2023-12-31,2
1971,71,2023-09-29,3
1972,456,2024-08-19,2
1973,120,2023-09-20,3
1974,48,2024-08-07,4
1975,292,2023-08-11,1
1976,371,2023-11-29,4
1977,89,2024-05-14,5
1978,420,2023-04-08,5
1979,329,2023-11-04,1
1980,375,2024-08-13,4
1981,41,2023-02-27,3
1982,179,2024-03-20,4
1983,477,2023-05-04,2
1984,383,2024-10-30,5
1985,476,2023-01-12,4
1986,28,2023-11-09,5
1987,22,2023-11-23,5
1988,290,2023-06-03,3
1989,258,2024-12-15,2
1990,79,2023-02-21,4
1991,498,2024-04-01,5
1992,295,2024-05-31,1
1993,114,2024-03-18,3
1994,403,2024-02-08,2
1995,68,2023-12-11,1
1996,244,2024-08-08,1
1997,281,2024-02-13,3
1998,44,2024-02-13,5
1999,223,2024-12-15,2
2000,391,2023-05-19,4
